City,Subreddit
Arcata,arcata
Auburn,AuburnCalifornia
Alameda,alameda
Berkeley,berkeleyca
Burlingame,burlingame
Calistoga,calistoga
Campbell,Campbell
Chico,ChicoCA
Davis,davisca
Elk Grove,elkgrove
Folsom,folsom
Fremont,fremont
Half Moon Bay,halfmoonbay
Lincoln,lincolnca
Livermore,Livermore
Los Gatos,losgatos
Menlo Park,menlopark
Millbrae,millbrae
Morgan Hill,MorganHill
Napa,napa
Novato,novato
Oakland,oakland
Orinda,orinda
Pacifica,pacifica
Pacific Grove,pacificgrove
Palo Alto,paloalto
Petaluma,petaluma
Pleasanton,pleasanton
Redding,redding
Roseville,Roseville
Sacramento,Sacramento
San Francisco,SanFrancisco
San Jose,SanJose
San Mateo,sanmateo
Santa Rosa,santarosa
Sebastopol,sebastopol
Sonoma,sonoma
Sunnyvale,sunnyvale
Ukiah,ukiah
Vacaville,vacaville
West Oakland,westoakland
West Sacramento,westsacramento
Atascadero,atascadero
Avenal,Avenal
Bakersfield,Bakersfield
Fresno,Fresno
Gilroy,Gilroy
Greenville,greenvilleca
Hanford,Hanford
Modesto,Modesto
Shaver Lake,shaverlake
Stockton,stockton
Taft,taft
Vacaville,vacaville
Visalia,Visalia
Cambria,cambria
Cayucos,cayucos
Isla Vista,islavista
Lompoc,lompoc
Monterey,MontereyBay
Morro Bay,morrobay
San Luis Obispo,slo
Santa Cruz,SantaCruz
Santa Barbara,SantaBarbara
Santa Maria,SantaMaria
Ventura,Ventura
Agoura Hills,agourahills
Anaheim,Anaheim
Beverly Hills,beverlyhills
Calabasas,calabasas
Camarillo,Camarillo
Carson,carsonca
Claremont,Claremont
Conejo Valley,conejovalley
Culver City,culvercity
Huntington Beach,HuntingtonBeach
Irvine,Irvine
East L.A.,eastla
El Segundo,ElSegundo
Fountain Valley,fountainvalley
Long Beach,LongBeach
Los Angeles,LosAngeles
Lynwood,lynwood
Malibu,malibu
Mission Viejo,missionviejo
Newport Beach,newportbeach
Redondo Beach,redondobeach
Ojai,ojai
Oxnard,oxnard
Pasadena,Pasadena
Reseda,Reseda
San Clemente,sanclemente
San Marino,sanmarino
San Pedro,sanpedro
Santa Clarita,SantaClarita
Santa Monica,santamonica
Thousand Oaks,thousandoaks
Tustin,tustin
West Hollywood,weho
Antelope Valley,antelopevalley
Big Bear,BigBear
Indio,indio
Eastvale,eastvale
Mojave,mojave
Palmdale,palmdale
Palm Springs,palmsprings
Redlands,Redlands
Riverside,Riverside
San Diego,SanDiego
